7,2014-01-13
7,2014-01-13
7,2014-01-13
7,2014-01-14
7,2014-01-14
7,2014-01-14
7,2014-01-15
7,2014-01-15
7,2014-01-15
7,2014-01-16
7,2014-01-16
7,2014-01-16
7,2014-02-03
7,2014-02-03
7,2014-02-03
7,2014-02-04
7,2014-02-04
7,2014-02-04
7,2014-02-05
7,2014-02-05
7,2014-02-05
7,2014-02-06
7,2014-02-06
7,2014-02-06
7,2014-02-24
7,2014-02-24
7,2014-02-24
7,2014-02-25
7,2014-02-25
7,2014-02-25
7,2014-02-26
7,2014-02-26
7,2014-02-26
7,2014-02-27
7,2014-02-27
7,2014-03-10
7,2014-03-10
7,2014-03-10
7,2014-03-11
7,2014-03-11
7,2014-03-11
7,2014-03-12
7,2014-03-12
7,2014-03-12
7,2014-03-13
7,2014-03-13
7,2014-03-13
7,2014-04-02
7,2014-04-02
7,2014-04-02
7,2014-04-03
7,2014-04-03
7,2014-04-14
7,2014-04-14
7,2014-04-14
7,2014-04-15
7,2014-04-15
7,2014-04-15
7,2014-04-16
7,2014-04-16
7,2014-04-16
7,2014-04-17
7,2014-04-17
7,2014-04-17
7,2014-07-01
7,2014-07-01
8,2014-07-01
8,2014-07-01
8,2014-07-02
8,2014-07-02
8,2014-07-02
8,2014-07-03
8,2014-07-03
8,2014-07-14
8,2014-07-14
8,2014-07-14
8,2014-07-15
8,2014-07-15
8,2014-07-15
8,2014-07-16
8,2014-07-16
8,2014-07-16
8,2014-07-17
8,2014-07-17
8,2014-09-15
8,2014-09-15
8,2014-09-15
8,2014-09-16
8,2014-09-16
8,2014-09-16
8,2014-09-17
8,2014-09-17
8,2014-09-17
8,2014-09-18
8,2014-09-18
8,2014-10-20
8,2014-10-20
8,2014-10-20
8,2014-10-21
8,2014-10-21
8,2014-10-21
8,2014-10-22
8,2014-10-22
8,2014-10-22
8,2014-10-23
8,2014-10-23
8,2014-11-12
8,2014-11-12
8,2014-11-12
8,2014-11-13
8,2014-11-13
8,2014-11-13
8,2014-11-24
8,2014-11-24
8,2014-11-24
8,2014-11-25
8,2014-11-25
8,2014-11-25
8,2014-11-26
8,2014-11-26
8,2014-11-26
8,2014-11-27
8,2014-11-27
8,2014-12-15
8,2014-12-15
8,2014-12-15
8,2014-12-16
8,2014-12-16
8,2014-12-16
8,2014-12-17
8,2014-12-17
8,2014-12-17
8,2014-12-18
8,2014-12-18
8,2015-01-12
8,2015-01-12
8,2015-01-12
8,2015-01-13
8,2015-01-13
8,2015-01-13
8,2015-01-14
8,2015-01-14
8,2015-01-14
8,2015-01-15
8,2015-01-15
8,2015-01-28
8,2015-01-28
8,2015-01-28
8,2015-02-09
8,2015-02-09
8,2015-02-09
8,2015-02-10
8,2015-02-10
8,2015-02-10
8,2015-02-11
8,2015-02-11
8,2015-02-11
8,2015-02-12
8,2015-02-12
8,2015-02-25
8,2015-02-25
8,2015-02-25
8,2015-03-09
8,2015-03-09
8,2015-03-09
8,2015-03-10
8,2015-03-10
8,2015-03-10
8,2015-03-11
8,2015-03-11
8,2015-03-11
8,2015-03-12
8,2015-03-12
8,2015-03-25
8,2015-03-25
8,2015-03-25
8,2015-04-15
8,2015-04-15
8,2015-04-15
8,2015-04-27
8,2015-04-27
8,2015-04-27
8,2015-04-28
8,2015-04-28
8,2015-04-28
8,2015-04-29
8,2015-04-29
8,2015-04-29
8,2015-04-30
8,2015-04-30
8,2015-04-30
8,2015-05-18
8,2015-05-18
8,2015-05-18
8,2015-05-19
8,2015-05-19
8,2015-05-19
8,2015-05-20
8,2015-05-20
8,2015-05-20
8,2015-05-21
8,2015-05-21
8,2015-05-27
8,2015-05-27
8,2015-05-27
8,2015-06-08
8,2015-06-08
8,2015-06-08
8,2015-06-09
8,2015-06-09
8,2015-06-09
8,2015-06-10
8,2015-06-10
8,2015-06-10
8,2015-06-11
8,2015-06-11
8,2015-06-24
8,2015-06-24
8,2015-06-24
8,2015-07-06
8,2015-07-06
8,2015-07-06
8,2015-07-07
8,2015-07-07
8,2015-07-07
8,2015-07-08
8,2015-07-08
8,2015-07-08
8,2015-07-09
8,2015-07-09
8,2015-07-09
8,2015-09-07
8,2015-09-07
8,2015-09-07
8,2015-09-08
8,2015-09-08
8,2015-09-08
8,2015-09-09
8,2015-09-09
8,2015-09-09
8,2015-09-10
8,2015-09-10
8,2015-09-16
8,2015-09-16
8,2015-09-16
8,2015-09-17
8,2015-09-17
8,2015-10-05
8,2015-10-05
8,2015-10-05
8,2015-10-06
8,2015-10-06
8,2015-10-06
8,2015-10-07
8,2015-10-07
8,2015-10-07
8,2015-10-08
8,2015-10-08
8,2015-10-14
8,2015-10-14
8,2015-10-14
8,2015-10-26
8,2015-10-26
8,2015-10-26
8,2015-10-27
8,2015-10-27
8,2015-10-27
8,2015-10-28
8,2015-10-28
8,2015-10-28
8,2015-10-29
8,2015-10-29
8,2015-11-11
8,2015-11-11
8,2015-11-11
8,2015-11-23
8,2015-11-23
8,2015-11-23
8,2015-11-24
8,2015-11-24
8,2015-11-24
8,2015-11-25
8,2015-11-25
8,2015-11-25
8,2015-11-26
8,2015-11-26
8,2015-12-02
8,2015-12-02
8,2015-12-02
8,2015-12-14
8,2015-12-14
8,2015-12-14
8,2015-12-15
8,2015-12-15
8,2015-12-15
8,2015-12-16
8,2015-12-16
8,2015-12-16
8,2015-12-17
8,2015-12-17
8,2016-01-18
8,2016-01-18
8,2016-01-18
8,2016-01-19
8,2016-01-19
8,2016-01-19
8,2016-01-20
8,2016-01-20
8,2016-01-20
8,2016-01-21
8,2016-01-21
8,2016-01-21
8,2016-02-01
8,2016-02-01
8,2016-02-01
8,2016-02-02
8,2016-02-02
8,2016-02-02
8,2016-02-03
8,2016-02-03
8,2016-02-03
8,2016-02-04
8,2016-02-04
8,2016-02-04
8,2016-02-24
8,2016-02-24
8,2016-02-24
8,2016-02-25
8,2016-02-25
8,2016-03-07
8,2016-03-07
8,2016-03-07
8,2016-03-08
8,2016-03-08
8,2016-03-08
8,2016-03-09
8,2016-03-09
8,2016-03-09
8,2016-03-10
8,2016-03-10
8,2016-03-10
8,2016-04-11
8,2016-04-11
8,2016-04-11
8,2016-04-12
8,2016-04-12
8,2016-04-12
8,2016-04-13
8,2016-04-13
8,2016-04-13
8,2016-04-14
8,2016-04-14
8,2016-04-14
8,2016-04-27
8,2016-04-27
8,2016-04-27
8,2016-04-28
8,2016-04-28
8,2016-05-09
8,2016-05-09
8,2016-05-09
8,2016-05-10
8,2016-05-10
8,2016-05-10
8,2016-05-11
8,2016-05-11
8,2016-05-11
8,2016-05-12
8,2016-05-12
8,2016-05-12
8,2016-05-25
8,2016-05-25
8,2016-05-25
8,2016-05-26
8,2016-05-26
8,2016-06-06
8,2016-06-06
8,2016-06-06
8,2016-06-07
8,2016-06-07
8,2016-06-07
8,2016-06-08
8,2016-06-08
8,2016-06-08
8,2016-06-09
8,2016-06-09
8,2016-06-09
8,2016-06-22
8,2016-06-22
8,2016-06-22
8,2016-06-23
8,2016-06-23
8,2016-06-28
8,2016-06-28
8,2016-06-28
8,2016-07-04
8,2016-07-04
8,2016-07-04
8,2016-07-05
8,2016-07-05
8,2016-07-05
8,2016-07-06
8,2016-07-06
8,2016-07-06
8,2016-07-07
8,2016-07-07
8,2016-07-07
8,2016-09-12
8,2016-09-12
8,2016-09-12
8,2016-09-13
8,2016-09-13
8,2016-09-13
8,2016-09-14
8,2016-09-14
8,2016-09-14
8,2016-09-15
8,2016-09-15
8,2016-09-15
8,2016-10-03
8,2016-10-03
8,2016-10-03
8,2016-10-04
8,2016-10-04
8,2016-10-04
8,2016-10-05
8,2016-10-05
8,2016-10-05
8,2016-10-06
8,2016-10-06
8,2016-10-06
8,2016-10-24
8,2016-10-24
8,2016-10-24
8,2016-10-25
8,2016-10-25
8,2016-10-25
8,2016-10-26
8,2016-10-26
8,2016-10-26
8,2016-10-27
8,2016-10-27
8,2016-10-27
8,2016-11-21
8,2016-11-21
8,2016-11-21
8,2016-11-22
8,2016-11-22
8,2016-11-22
8,2016-11-23
8,2016-11-23
8,2016-11-23
8,2016-11-24
8,2016-11-24
8,2016-11-24
8,2016-11-30
8,2016-11-30
8,2016-11-30
8,2016-12-01
8,2016-12-01
8,2016-12-12
8,2016-12-12
8,2016-12-12
8,2016-12-13
8,2016-12-13
8,2016-12-13
8,2016-12-14
8,2016-12-14
8,2016-12-14
8,2016-12-15
8,2016-12-15
8,2016-12-15
8,2017-01-16
8,2017-01-16
8,2017-01-16
8,2017-01-17
8,2017-01-17
8,2017-01-17
8,2017-01-17
8,2017-01-17
8,2017-01-18
8,2017-01-18
8,2017-01-18
8,2017-01-18
8,2017-01-18
8,2017-01-18
8,2017-01-18
8,2017-01-19
8,2017-01-19
8,2017-01-19
8,2017-02-01
8,2017-02-01
8,2017-02-01
8,2017-02-02
8,2017-02-02
8,2017-02-13
8,2017-02-13
8,2017-02-13
8,2017-02-14
8,2017-02-14
8,2017-02-14
8,2017-02-15
8,2017-02-15
8,2017-02-15
8,2017-02-16
8,2017-02-16
8,2017-03-01
8,2017-03-01
8,2017-03-01
8,2017-03-02
8,2017-03-02
8,2017-03-13
8,2017-03-13
8,2017-03-13
8,2017-03-14
8,2017-03-14
8,2017-03-14
8,2017-03-15
8,2017-03-15
8,2017-03-15
8,2017-03-16
8,2017-03-16
8,2017-03-16
8,2017-04-03
8,2017-04-03
8,2017-04-03
8,2017-04-04
8,2017-04-04
8,2017-04-04
8,2017-04-05
8,2017-04-05
8,2017-04-05
8,2017-04-06
8,2017-04-06
8,2017-04-06
8,2017-04-26
8,2017-04-26
8,2017-04-26
8,2017-04-27
8,2017-04-27
8,2017-05-15
8,2017-05-15
8,2017-05-15
8,2017-05-16
8,2017-05-16
8,2017-05-16
8,2017-05-17
8,2017-05-17
8,2017-05-17
8,2017-05-18
8,2017-05-18
8,2017-05-18
8,2017-05-31
8,2017-05-31
8,2017-05-31
8,2017-06-01
8,2017-06-01
8,2017-06-12
8,2017-06-12
8,2017-06-12
8,2017-06-13
8,2017-06-13
8,2017-06-13
8,2017-06-14
8,2017-06-14
8,2017-06-14
8,2017-06-15
8,2017-06-15
8,2017-06-15
8,2017-07-03
8,2017-07-03
8,2017-07-03
8,2017-07-04
8,2017-07-04
8,2017-07-04
8,2017-07-05
8,2017-07-05
8,2017-07-05
8,2017-07-06
8,2017-07-06
8,2017-07-06
8,2017-09-11
8,2017-09-11
8,2017-09-11
8,2017-09-12
8,2017-09-12
8,2017-09-12
8,2017-09-13
8,2017-09-13
8,2017-09-13
8,2017-09-14
8,2017-09-14
8,2017-09-14
8,2017-10-02
8,2017-10-02
8,2017-10-02
8,2017-10-03
8,2017-10-03
8,2017-10-03
8,2017-10-04
8,2017-10-04
8,2017-10-04
8,2017-10-05
8,2017-10-05
8,2017-10-05
8,2017-10-23
8,2017-10-23
8,2017-10-23
8,2017-10-24
8,2017-10-24
8,2017-10-24
8,2017-10-25
8,2017-10-25
8,2017-10-25
8,2017-10-26
8,2017-10-26
8,2017-10-26
8,2017-11-13
8,2017-11-13
8,2017-11-13
8,2017-11-14
8,2017-11-14
8,2017-11-14
8,2017-11-15
8,2017-11-15
8,2017-11-15
8,2017-11-16
8,2017-11-16
8,2017-11-16
8,2017-11-29
8,2017-11-29
8,2017-11-29
8,2017-11-30
8,2017-11-30
8,2017-12-11
8,2017-12-11
8,2017-12-11
8,2017-12-12
8,2017-12-12
8,2017-12-12
8,2017-12-13
8,2017-12-13
8,2017-12-13
8,2017-12-14
8,2017-12-14
8,2018-01-15
8,2018-01-15
8,2018-01-15
8,2018-01-16
8,2018-01-16
8,2018-01-16
8,2018-01-17
8,2018-01-17
8,2018-01-17
8,2018-01-18
8,2018-01-18
8,2018-01-18
8,2018-02-05
8,2018-02-05
8,2018-02-05
8,2018-02-06
8,2018-02-06
8,2018-02-06
8,2018-02-07
8,2018-02-07
8,2018-02-07
8,2018-02-08
8,2018-02-08
8,2018-02-08
8,2018-02-28
8,2018-02-28
8,2018-02-28
8,2018-03-01
8,2018-03-01
8,2018-03-12
8,2018-03-12
8,2018-03-12
8,2018-03-13
8,2018-03-13
8,2018-03-13
8,2018-03-14
8,2018-03-14
8,2018-03-14
8,2018-03-15
8,2018-03-15
8,2018-03-15
8,2018-04-16
8,2018-04-16
8,2018-04-16
8,2018-04-17
8,2018-04-17
8,2018-04-17
8,2018-04-18
8,2018-04-18
8,2018-04-18
8,2018-04-19
8,2018-04-19
8,2018-04-19
8,2018-05-02
8,2018-05-02
8,2018-05-02
8,2018-05-03
8,2018-05-03
8,2018-05-28
8,2018-05-28
8,2018-05-28
8,2018-05-29
8,2018-05-29
8,2018-05-29
8,2018-05-30
8,2018-05-30
8,2018-05-30
8,2018-05-31
8,2018-05-31
8,2018-05-31
8,2018-06-11
8,2018-06-11
8,2018-06-11
8,2018-06-12
8,2018-06-12
8,2018-06-12
8,2018-06-13
8,2018-06-13
8,2018-06-13
8,2018-06-14
8,2018-06-14
8,2018-06-14
8,2018-07-02
8,2018-07-02
8,2018-07-02
8,2018-07-03
8,2018-07-03
8,2018-07-03
8,2018-07-04
8,2018-07-04
8,2018-07-04
8,2018-07-05
8,2018-07-05
8,2018-07-05
8,2018-09-10
8,2018-09-10
8,2018-09-10
8,2018-09-11
8,2018-09-11
8,2018-09-11
8,2018-09-11
8,2018-09-12
8,2018-09-12
8,2018-09-12
8,2018-09-12
8,2018-09-12
8,2018-09-12
8,2018-09-12
8,2018-09-13
8,2018-09-13
8,2018-09-13
8,2018-10-01
8,2018-10-01
8,2018-10-01
8,2018-10-02
8,2018-10-02
8,2018-10-02
8,2018-10-03
8,2018-10-03
8,2018-10-03
8,2018-10-04
8,2018-10-04
8,2018-10-04
8,2018-10-22
8,2018-10-22
8,2018-10-22
8,2018-10-23
8,2018-10-23
8,2018-10-23
8,2018-10-24
8,2018-10-24
8,2018-10-24
8,2018-10-25
8,2018-10-25
8,2018-10-25
8,2018-11-12
8,2018-11-12
8,2018-11-12
8,2018-11-13
8,2018-11-13
8,2018-11-13
8,2018-11-14
8,2018-11-14
8,2018-11-14
8,2018-11-15
8,2018-11-15
8,2018-11-15
8,2018-11-28
8,2018-11-28
8,2018-11-28
8,2018-11-29
8,2018-11-29
8,2018-12-10
8,2018-12-10
8,2018-12-10
8,2018-12-11
8,2018-12-11
8,2018-12-11
8,2018-12-12
8,2018-12-12
8,2018-12-12
8,2018-12-12
8,2018-12-13
8,2018-12-13
8,2018-12-13
8,2019-01-14
8,2019-01-14
8,2019-01-14
8,2019-01-15
8,2019-01-15
8,2019-01-15
8,2019-01-16
8,2019-01-16
8,2019-01-16
8,2019-01-17
8,2019-01-17
8,2019-01-17
8,2019-01-30
8,2019-01-30
8,2019-01-30
8,2019-01-31
8,2019-01-31
8,2019-02-11
8,2019-02-11
8,2019-02-11
8,2019-02-12
8,2019-02-12
8,2019-02-12
8,2019-02-13
8,2019-02-13
8,2019-02-13
8,2019-02-14
8,2019-02-14
8,2019-02-14
8,2019-03-11
8,2019-03-11
8,2019-03-11
8,2019-03-12
8,2019-03-12
8,2019-03-12
8,2019-03-13
8,2019-03-13
8,2019-03-13
8,2019-03-14
8,2019-03-14
8,2019-03-14
8,2019-03-25
8,2019-03-25
8,2019-03-25
8,2019-03-26
8,2019-03-26
8,2019-03-26
8,2019-03-27
8,2019-03-27
8,2019-03-27
8,2019-03-28
8,2019-03-28
8,2019-03-28
8,2019-04-03
8,2019-04-03
8,2019-04-03
8,2019-04-04
8,2019-04-04
8,2019-04-15
8,2019-04-15
8,2019-04-15
8,2019-04-16
8,2019-04-16
8,2019-04-16
8,2019-04-17
8,2019-04-17
8,2019-04-17
8,2019-04-18
8,2019-04-18
9,2019-07-02
9,2019-07-02
9,2019-07-02
9,2019-07-03
9,2019-07-03
9,2019-07-03
9,2019-07-04
9,2019-07-04
9,2019-07-15
9,2019-07-15
9,2019-07-15
9,2019-07-16
9,2019-07-16
9,2019-07-16
9,2019-07-16
9,2019-07-17
9,2019-07-17
9,2019-07-17
9,2019-07-18
9,2019-07-18
9,2019-09-16
9,2019-09-16
9,2019-09-16
9,2019-09-17
9,2019-09-17
9,2019-09-17
9,2019-09-18
9,2019-09-18
9,2019-09-18
9,2019-09-19
9,2019-09-19
9,2019-09-19
9,2019-10-09
9,2019-10-09
9,2019-10-09
9,2019-10-10
9,2019-10-10
9,2019-10-21
9,2019-10-21
9,2019-10-21
9,2019-10-22
9,2019-10-22
9,2019-10-22
9,2019-10-23
9,2019-10-23
9,2019-10-23
9,2019-10-24
9,2019-10-24
9,2019-10-24
9,2019-11-13
9,2019-11-13
9,2019-11-13
9,2019-11-14
9,2019-11-14
9,2019-11-25
9,2019-11-25
9,2019-11-25
9,2019-11-26
9,2019-11-26
9,2019-11-26
9,2019-11-27
9,2019-11-27
9,2019-11-27
9,2019-11-28
9,2019-11-28
9,2019-11-28
9,2019-12-11
9,2019-12-11
9,2019-12-11
9,2019-12-16
9,2019-12-16
9,2019-12-16
9,2019-12-17
9,2019-12-17
9,2019-12-17
9,2019-12-18
9,2019-12-18
9,2019-12-18
9,2019-12-19
9,2019-12-19
9,2019-12-19
9,2020-01-13
9,2020-01-13
9,2020-01-13
9,2020-01-14
9,2020-01-14
9,2020-01-14
9,2020-01-15
9,2020-01-15
9,2020-01-15
9,2020-01-16
9,2020-01-16
9,2020-01-16
9,2020-01-29
9,2020-01-29
9,2020-01-29
9,2020-01-30
9,2020-01-30
9,2020-02-10
9,2020-02-10
9,2020-02-10
9,2020-02-11
9,2020-02-11
9,2020-02-11
9,2020-02-12
9,2020-02-12
9,2020-02-12
9,2020-02-13
9,2020-02-13
9,2020-02-13
9,2020-03-09
9,2020-03-09
9,2020-03-09
9,2020-03-10
9,2020-03-10
9,2020-03-10
9,2020-03-10
9,2020-03-10
9,2020-03-26
9,2020-03-26
9,2020-03-26
9,2020-03-26
9,2020-03-26
9,2020-03-26
9,2020-03-26
9,2020-04-16
9,2020-04-16
9,2020-04-16
9,2020-04-16
9,2020-04-16
9,2020-04-16
9,2020-04-16
9,2020-04-16
9,2020-04-16
9,2020-04-16
9,2020-04-16
9,2020-04-16
9,2020-04-16
9,2020-04-16
9,2020-04-16
9,2020-04-16
9,2020-04-16
9,2020-04-16
9,2020-04-16
9,2020-04-16
9,2020-04-16
9,2020-04-16
9,2020-04-16
9,2020-04-16
9,2020-04-16
9,2020-04-16
9,2020-04-16
9,2020-04-17
9,2020-04-17
9,2020-04-17
9,2020-04-17
9,2020-04-17
9,2020-04-17
9,2020-04-17
9,2020-04-17
9,2020-04-17
9,2020-04-17
9,2020-04-17
9,2020-04-17
9,2020-04-17
9,2020-04-17
9,2020-04-17
9,2020-04-17
9,2020-04-17
9,2020-04-17
9,2020-04-17
9,2020-04-17
9,2020-04-17
9,2020-04-17
9,2020-04-17
9,2020-04-17
9,2020-04-17
9,2020-04-17
9,2020-04-17
9,2020-05-13
9,2020-05-13
9,2020-05-13
9,2020-05-13
9,2020-05-13
9,2020-05-13
9,2020-05-13
9,2020-05-13
9,2020-05-13
9,2020-05-13
9,2020-05-13
9,2020-05-13
9,2020-05-13
9,2020-05-13
9,2020-05-13
9,2020-05-13
9,2020-05-13
9,2020-05-13
9,2020-05-13
9,2020-05-13
9,2020-05-13
9,2020-05-13
9,2020-05-13
9,2020-05-13
9,2020-05-13
9,2020-05-13
9,2020-05-13
9,2020-05-13
9,2020-05-13
9,2020-05-13
9,2020-05-13
9,2020-05-13
9,2020-05-13
9,2020-05-13
9,2020-05-13
9,2020-05-13
9,2020-05-13
9,2020-05-13
9,2020-05-13
9,2020-05-13
9,2020-05-13
9,2020-05-13
9,2020-05-13
9,2020-05-13
9,2020-05-13
9,2020-05-13
9,2020-05-13
9,2020-05-13
9,2020-05-14
9,2020-05-14
9,2020-05-14
9,2020-05-14
9,2020-05-14
9,2020-05-14
9,2020-05-14
9,2020-05-14
9,2020-05-14
9,2020-05-14
9,2020-05-14
9,2020-05-14
9,2020-05-14
9,2020-05-14
9,2020-05-14
9,2020-05-14
9,2020-05-14
9,2020-05-14
9,2020-05-14
9,2020-05-14
9,2020-05-14
9,2020-05-14
9,2020-05-14
9,2020-05-14
9,2020-05-14
9,2020-05-14
9,2020-05-14
9,2020-05-14
9,2020-05-14
9,2020-05-14
9,2020-05-14
9,2020-05-14
9,2020-05-14
9,2020-05-14
9,2020-05-14
9,2020-05-14
9,2020-05-14
9,2020-05-14
9,2020-05-14
9,2020-05-14
9,2020-05-14
9,2020-05-14
9,2020-05-14
9,2020-05-14
9,2020-05-14
9,2020-05-14
9,2020-05-14
9,2020-05-14
9,2020-05-14
9,2020-05-14
9,2020-05-14
9,2020-05-14
9,2020-05-14
9,2020-05-14
9,2020-05-14
9,2020-05-14
9,2020-05-14
9,2020-05-14
9,2020-05-14
9,2020-05-14
9,2020-05-14
9,2020-05-14
9,2020-05-14
9,2020-05-14
9,2020-05-14
9,2020-05-14
9,2020-05-14
9,2020-05-14
9,2020-05-14
9,2020-05-14
9,2020-05-14
9,2020-05-14
9,2020-05-14
9,2020-05-15
9,2020-05-15
9,2020-05-15
9,2020-05-15
9,2020-05-15
9,2020-05-15
9,2020-05-15
9,2020-05-15
9,2020-05-15
9,2020-05-15
9,2020-05-15
9,2020-05-15
9,2020-05-15
9,2020-05-15
9,2020-05-15
9,2020-05-15
9,2020-05-15
9,2020-05-27
9,2020-05-27
9,2020-05-27
9,2020-05-27
9,2020-05-27
9,2020-05-27
9,2020-06-17
9,2020-06-17
9,2020-06-17
9,2020-06-17
9,2020-06-17
9,2020-06-17
9,2020-06-17
9,2020-06-17
9,2020-06-17
9,2020-06-17
9,2020-06-17
9,2020-06-17
9,2020-06-17
9,2020-06-17
9,2020-06-17
9,2020-06-17
9,2020-06-17
9,2020-06-17
9,2020-06-17
9,2020-06-17
9,2020-06-17
9,2020-06-17
9,2020-06-17
9,2020-06-17
9,2020-06-17
9,2020-06-17
9,2020-06-17
9,2020-06-17
9,2020-06-17
9,2020-06-17
9,2020-06-17
9,2020-06-17
9,2020-06-17
9,2020-06-17
9,2020-06-17
9,2020-06-17
9,2020-06-17
9,2020-06-17
9,2020-06-17
9,2020-06-17
9,2020-06-17
9,2020-06-17
9,2020-06-17
9,2020-06-18
9,2020-06-18
9,2020-06-18
9,2020-06-18
9,2020-06-18
9,2020-06-18
9,2020-06-18
9,2020-06-18
9,2020-06-18
9,2020-06-18
9,2020-06-18
9,2020-06-18
9,2020-06-18
9,2020-06-18
9,2020-06-18
9,2020-06-18
9,2020-06-18
9,2020-06-18
9,2020-06-18
9,2020-06-18
9,2020-06-18
9,2020-06-18
9,2020-06-18
9,2020-06-18
9,2020-06-18
9,2020-06-18
9,2020-06-18
9,2020-06-18
9,2020-06-18
9,2020-06-18
9,2020-06-18
9,2020-06-18
9,2020-06-18
9,2020-06-18
9,2020-06-18
9,2020-06-18
9,2020-06-18
9,2020-06-18
9,2020-06-18
9,2020-06-18
9,2020-06-18
9,2020-06-18
9,2020-06-18
9,2020-06-18
9,2020-06-18
9,2020-06-18
9,2020-06-18
9,2020-06-18
9,2020-06-18
9,2020-06-18
9,2020-06-19
9,2020-06-19
9,2020-06-19
9,2020-06-19
9,2020-06-19
9,2020-06-19
9,2020-06-19
9,2020-06-19
9,2020-06-19
9,2020-06-19
9,2020-06-19
9,2020-06-19
9,2020-06-19
9,2020-06-19
9,2020-06-19
9,2020-06-19
9,2020-06-19
9,2020-07-08
9,2020-07-08
9,2020-07-08
9,2020-07-08
9,2020-07-08
9,2020-07-08
9,2020-07-08
9,2020-07-08
9,2020-07-08
9,2020-07-08
9,2020-07-08
9,2020-07-08
9,2020-07-08
9,2020-07-08
9,2020-07-08
9,2020-07-08
9,2020-07-08
9,2020-07-08
9,2020-07-08
9,2020-07-08
9,2020-07-08
9,2020-07-08
9,2020-07-08
9,2020-07-08
9,2020-07-08
9,2020-07-08
9,2020-07-09
9,2020-07-09
9,2020-07-09
9,2020-07-09
9,2020-07-09
9,2020-07-09
9,2020-07-09
9,2020-07-09
9,2020-07-09
9,2020-07-09
9,2020-07-09
9,2020-07-09
9,2020-07-09
9,2020-07-09
9,2020-07-09
9,2020-07-09
9,2020-07-09
9,2020-07-09
9,2020-07-09
9,2020-07-09
9,2020-07-09
9,2020-07-09
9,2020-07-09
9,2020-07-09
9,2020-07-09
9,2020-07-09
9,2020-07-09
9,2020-07-09
9,2020-07-09
9,2020-07-09
9,2020-07-09
9,2020-07-09
9,2020-07-09
9,2020-07-09
9,2020-07-09
9,2020-07-09
9,2020-07-09
9,2020-07-09
9,2020-07-09
9,2020-07-09
9,2020-07-09
9,2020-07-09
9,2020-07-09
9,2020-07-09
9,2020-07-09
9,2020-07-09
9,2020-07-10
9,2020-07-10
9,2020-07-10
9,2020-07-10
9,2020-07-10
9,2020-07-10
9,2020-07-10
9,2020-07-10
9,2020-07-10
9,2020-07-10
9,2020-07-10
9,2020-07-10
9,2020-07-10
9,2020-07-10
9,2020-07-10
9,2020-07-10
9,2020-07-10
9,2020-07-23
9,2020-07-23
9,2020-07-23
9,2020-07-23
9,2020-07-23
9,2020-07-23
9,2020-07-23
9,2020-07-23
9,2020-07-23
9,2020-07-23
9,2020-07-23
9,2020-07-23
9,2020-07-23
9,2020-07-23
9,2020-09-14
9,2020-09-14
9,2020-09-14
9,2020-09-14
9,2020-09-14
9,2020-09-14
9,2020-09-14
9,2020-09-14
9,2020-09-14
9,2020-09-14
9,2020-09-14
9,2020-09-14
9,2020-09-14
9,2020-09-14
9,2020-09-14
9,2020-09-14
9,2020-09-14
9,2020-09-14
9,2020-09-14
9,2020-09-14
9,2020-09-14
9,2020-09-14
9,2020-09-14
9,2020-09-14
9,2020-09-14
9,2020-09-14
9,2020-09-14
9,2020-09-14
9,2020-09-14
9,2020-09-14
9,2020-09-14
9,2020-09-14
9,2020-09-14
9,2020-09-14
9,2020-09-14
9,2020-09-14
9,2020-09-14
9,2020-09-14
9,2020-09-14
9,2020-09-15
9,2020-09-15
9,2020-09-15
9,2020-09-15
9,2020-09-15
9,2020-09-15
9,2020-09-15
9,2020-09-15
9,2020-09-15
9,2020-09-15
9,2020-09-15
9,2020-09-15
9,2020-09-15
9,2020-09-15
9,2020-09-15
9,2020-09-15
9,2020-09-15
9,2020-09-15
9,2020-09-15
9,2020-09-15
9,2020-09-15
9,2020-09-15
9,2020-09-15
9,2020-09-15
9,2020-09-15
9,2020-09-15
9,2020-09-15
9,2020-09-15
9,2020-09-15
9,2020-09-15
9,2020-09-15
9,2020-09-15
9,2020-09-15
9,2020-09-15
9,2020-09-15
9,2020-09-15
9,2020-09-15
9,2020-09-15
9,2020-09-15
9,2020-09-15
9,2020-09-15
9,2020-09-15
9,2020-09-15
9,2020-09-15
9,2020-09-15
9,2020-09-15
9,2020-09-15
9,2020-09-16
9,2020-09-16
9,2020-09-16
9,2020-09-16
9,2020-09-16
9,2020-09-16
9,2020-09-16
9,2020-09-16
9,2020-09-16
9,2020-09-16
9,2020-09-16
9,2020-09-16
9,2020-09-16
9,2020-09-16
9,2020-09-16
9,2020-09-16
9,2020-09-16
9,2020-09-16
9,2020-09-16
9,2020-09-16
9,2020-09-16
9,2020-09-16
9,2020-09-16
9,2020-09-16
9,2020-09-16
9,2020-09-16
9,2020-09-16
9,2020-09-16
9,2020-09-16
9,2020-09-16
9,2020-09-16
9,2020-09-16
9,2020-09-16
9,2020-09-16
9,2020-09-16
9,2020-09-16
9,2020-09-16
9,2020-09-16
9,2020-09-16
9,2020-09-16
9,2020-09-16
9,2020-09-16
9,2020-09-16
9,2020-09-17
9,2020-09-17
9,2020-09-17
9,2020-09-17
9,2020-09-17
9,2020-09-17
9,2020-09-17
9,2020-09-17
9,2020-09-17
9,2020-09-17
9,2020-09-17
9,2020-09-17
9,2020-10-05
9,2020-10-05
9,2020-10-05
9,2020-10-05
9,2020-10-05
9,2020-10-05
9,2020-10-06
9,2020-10-06
9,2020-10-06
9,2020-10-06
9,2020-10-06
9,2020-10-06
9,2020-10-06
9,2020-10-06
9,2020-10-06
9,2020-10-06
9,2020-10-06
9,2020-10-06
9,2020-10-06
9,2020-10-07
9,2020-10-07
9,2020-10-07
9,2020-10-07
9,2020-10-07
9,2020-10-07
9,2020-10-07
9,2020-10-07
9,2020-10-07
9,2020-10-07
9,2020-10-07
9,2020-10-07
9,2020-10-07
9,2020-10-08
9,2020-10-08
9,2020-10-08
9,2020-10-08
9,2020-10-08
9,2020-10-08
9,2020-10-08
9,2020-10-08
9,2020-10-08
9,2020-10-08
9,2020-10-19
9,2020-10-19
9,2020-10-19
9,2020-10-19
9,2020-10-19
9,2020-10-19
9,2020-10-20
9,2020-10-20
9,2020-10-20
9,2020-10-20
9,2020-10-20
9,2020-10-20
9,2020-10-20
9,2020-10-20
9,2020-10-20
9,2020-10-20
9,2020-10-20
9,2020-10-20
9,2020-10-20
9,2020-10-20
9,2020-10-20
9,2020-10-20
9,2020-10-20
9,2020-10-21
9,2020-10-21
9,2020-10-21
9,2020-10-21
9,2020-10-21
9,2020-10-21
9,2020-10-21
9,2020-10-21
9,2020-10-21
9,2020-10-21
9,2020-10-21
9,2020-10-21
9,2020-10-21
9,2020-10-21
9,2020-10-21
9,2020-10-21
9,2020-10-21
9,2020-10-22
9,2020-10-22
9,2020-10-22
9,2020-10-22
9,2020-10-22
9,2020-10-22
9,2020-10-22
9,2020-10-22
9,2020-10-22
9,2020-10-22
9,2020-10-22
9,2020-10-22
9,2020-10-22
9,2020-10-22
9,2020-10-22
9,2020-10-22
9,2020-10-22
9,2020-10-23
9,2020-10-23
9,2020-10-23
9,2020-10-23
9,2020-10-23
9,2020-10-23
9,2020-10-23
9,2020-10-23
9,2020-10-23
9,2020-10-23
9,2020-10-23
9,2020-10-23
9,2020-10-23
9,2020-10-23
9,2020-10-23
9,2020-10-23
9,2020-10-23
9,2020-11-11
9,2020-11-11
9,2020-11-11
9,2020-11-11
9,2020-11-11
9,2020-11-11
9,2020-11-11
9,2020-11-11
9,2020-11-11
9,2020-11-11
9,2020-11-12
9,2020-11-12
9,2020-11-12
9,2020-11-12
9,2020-11-12
9,2020-11-12
9,2020-11-12
9,2020-11-12
9,2020-11-12
9,2020-11-12
9,2020-11-12
9,2020-11-12
9,2020-11-12
9,2020-11-12
9,2020-11-12
9,2020-11-12
9,2020-11-12
9,2020-11-12
9,2020-11-12
9,2020-11-12
9,2020-11-12
9,2020-11-13
9,2020-11-13
9,2020-11-13
9,2020-11-13
9,2020-11-13
9,2020-11-13
9,2020-11-13
9,2020-11-13
9,2020-11-13
9,2020-11-13
9,2020-11-13
9,2020-11-13
9,2020-11-13
9,2020-11-13
9,2020-11-13
9,2020-11-13
9,2020-11-13
9,2020-11-23
9,2020-11-23
9,2020-11-23
9,2020-11-23
9,2020-11-23
9,2020-11-23
9,2020-11-24
9,2020-11-24
9,2020-11-24
9,2020-11-24
9,2020-11-24
9,2020-11-24
9,2020-11-24
9,2020-11-24
9,2020-11-24
9,2020-11-24
9,2020-11-24
9,2020-11-24
9,2020-11-24
9,2020-11-25
9,2020-11-25
9,2020-11-25
9,2020-11-25
9,2020-11-25
9,2020-11-25
9,2020-11-25
9,2020-11-25
9,2020-11-25
9,2020-11-25
9,2020-11-25
9,2020-11-25
9,2020-11-25
9,2020-11-26
9,2020-11-26
9,2020-11-26
9,2020-11-26
9,2020-11-26
9,2020-11-26
9,2020-11-26
9,2020-11-26
9,2020-11-26
9,2020-11-26
9,2020-11-26
9,2020-11-26
9,2020-11-26
9,2020-12-14
9,2020-12-14
9,2020-12-14
9,2020-12-14
9,2020-12-14
9,2020-12-14
9,2020-12-15
9,2020-12-15
9,2020-12-15
9,2020-12-15
9,2020-12-15
9,2020-12-15
9,2020-12-15
9,2020-12-15
9,2020-12-15
9,2020-12-15
9,2020-12-15
9,2020-12-15
9,2020-12-15
9,2020-12-16
9,2020-12-16
9,2020-12-16
9,2020-12-16
9,2020-12-16
9,2020-12-16
9,2020-12-16
9,2020-12-16
9,2020-12-16
9,2020-12-16
9,2020-12-16
9,2020-12-16
9,2020-12-16
9,2020-12-16
9,2020-12-16
9,2020-12-16
9,2020-12-16
9,2020-12-16
9,2020-12-16
9,2020-12-16
9,2020-12-16
9,2020-12-17
9,2020-12-17
9,2020-12-17
9,2020-12-17
9,2020-12-17
9,2020-12-17
9,2020-12-17
9,2020-12-17
9,2020-12-17
9,2020-12-17
9,2020-12-17
9,2020-12-17
9,2020-12-17
9,2020-12-17
9,2020-12-18
9,2020-12-18
9,2020-12-18
9,2020-12-18
9,2020-12-18
9,2020-12-18
9,2020-12-18
9,2020-12-18
9,2020-12-18
9,2020-12-18
9,2020-12-18
9,2020-12-18
9,2020-12-18
9,2020-12-18
9,2020-12-18
9,2020-12-18
9,2020-12-18
9,2021-01-18
9,2021-01-18
9,2021-01-18
9,2021-01-18
9,2021-01-18
9,2021-01-18
9,2021-01-19
9,2021-01-19
9,2021-01-19
9,2021-01-19
9,2021-01-19
9,2021-01-19
9,2021-01-19
9,2021-01-19
9,2021-01-19
9,2021-01-19
9,2021-01-19
9,2021-01-19
9,2021-01-19
9,2021-01-20
9,2021-01-20
9,2021-01-20
9,2021-01-20
9,2021-01-20
9,2021-01-20
9,2021-01-20
9,2021-01-20
9,2021-01-20
9,2021-01-20
9,2021-01-20
9,2021-01-20
9,2021-01-20
9,2021-01-21
9,2021-01-21
9,2021-01-21
9,2021-01-21
9,2021-01-21
9,2021-01-21
9,2021-01-21
9,2021-01-21
9,2021-01-21
9,2021-01-21
9,2021-01-21
9,2021-01-21
9,2021-01-21
9,2021-02-08
9,2021-02-08
9,2021-02-08
9,2021-02-09
9,2021-02-09
9,2021-02-09
9,2021-02-09
9,2021-02-10
9,2021-02-10
9,2021-02-10
9,2021-02-10
9,2021-02-11
9,2021-02-11
9,2021-02-11
9,2021-02-11
9,2021-03-08
9,2021-03-08
9,2021-03-08
9,2021-03-09
9,2021-03-09
9,2021-03-09
9,2021-03-10
9,2021-03-10
9,2021-03-10
9,2021-03-10
9,2021-03-11
9,2021-03-11
9,2021-03-11
9,2021-03-24
9,2021-03-24
9,2021-03-24
9,2021-03-24
9,2021-03-25
9,2021-03-25
9,2021-03-25
9,2021-03-25
9,2021-03-25
9,2021-03-25
9,2021-03-25
9,2021-03-25
9,2021-03-25
9,2021-03-25
9,2021-04-26
9,2021-04-26
9,2021-04-26
9,2021-04-26
9,2021-04-27
9,2021-04-27
9,2021-04-27
9,2021-04-27
9,2021-04-28
9,2021-04-28
9,2021-04-28
9,2021-04-28
9,2021-04-28
9,2021-04-28
9,2021-04-28
9,2021-04-28
9,2021-04-28
9,2021-04-28
9,2021-04-29
9,2021-04-29
9,2021-04-29
9,2021-04-29
9,2021-04-29
9,2021-04-29
9,2021-04-29
9,2021-04-29
9,2021-04-29
9,2021-04-29
9,2021-04-29
9,2021-04-29
9,2021-04-29
9,2021-05-17
9,2021-05-17
9,2021-05-17
9,2021-05-17
9,2021-05-18
9,2021-05-18
9,2021-05-18
9,2021-05-18
9,2021-05-18
9,2021-05-18
9,2021-05-18
9,2021-05-19
9,2021-05-19
9,2021-05-19
9,2021-05-19
9,2021-05-20
9,2021-05-20
9,2021-05-20
9,2021-05-20
9,2021-05-21
9,2021-05-21
9,2021-05-21
9,2021-06-07
9,2021-06-07
9,2021-06-07
9,2021-06-07
9,2021-06-07
9,2021-06-07
9,2021-06-07
9,2021-06-07
9,2021-06-07
9,2021-06-07
9,2021-06-07
9,2021-06-07
9,2021-06-07
9,2021-06-07
9,2021-06-08
9,2021-06-08
9,2021-06-08
9,2021-06-08
9,2021-06-08
9,2021-06-08
9,2021-06-08
9,2021-06-08
9,2021-06-08
9,2021-06-08
9,2021-06-08
9,2021-06-08
9,2021-06-08
9,2021-06-08
9,2021-06-08
9,2021-06-08
9,2021-06-08
9,2021-06-08
9,2021-06-08
9,2021-06-08
9,2021-06-08
9,2021-06-08
9,2021-06-08
9,2021-06-08
9,2021-06-08
9,2021-06-08
9,2021-06-08
9,2021-06-08
9,2021-06-08
9,2021-06-08
9,2021-06-08
9,2021-06-08
9,2021-06-08
9,2021-06-09
9,2021-06-09
9,2021-06-09
9,2021-06-09
9,2021-06-09
9,2021-06-09
9,2021-06-09
9,2021-06-09
9,2021-06-09
9,2021-06-09
9,2021-06-09
9,2021-06-09
9,2021-06-09
9,2021-06-09
9,2021-06-09
9,2021-06-09
9,2021-06-09
9,2021-06-09
9,2021-06-09
9,2021-06-09
9,2021-06-09
9,2021-06-09
9,2021-06-09
9,2021-06-09
9,2021-06-09
9,2021-06-09
9,2021-06-09
9,2021-06-09
9,2021-06-09
9,2021-06-09
9,2021-06-09
9,2021-06-09
9,2021-06-09
9,2021-06-09
9,2021-06-09
9,2021-06-09
9,2021-06-09
9,2021-06-09
9,2021-06-09
9,2021-06-09
9,2021-06-09
9,2021-06-09
9,2021-06-09
9,2021-06-10
9,2021-06-10
9,2021-06-10
9,2021-06-10
9,2021-06-10
9,2021-06-10
9,2021-06-10
9,2021-06-10
9,2021-06-10
9,2021-06-10
9,2021-06-10
9,2021-06-10
9,2021-06-10
9,2021-06-10
9,2021-06-10
9,2021-06-10
9,2021-06-10
9,2021-06-10
9,2021-06-10
9,2021-06-10
9,2021-06-10
9,2021-06-23
9,2021-06-23
9,2021-06-23
9,2021-06-23
9,2021-06-23
9,2021-06-23
9,2021-06-23
9,2021-06-23
9,2021-06-24
9,2021-06-24
9,2021-06-24
9,2021-06-24
9,2021-06-24
9,2021-06-24
9,2021-06-24
9,2021-06-24
9,2021-06-24
9,2021-06-24
9,2021-07-05
9,2021-07-05
9,2021-07-05
9,2021-07-06
9,2021-07-06
9,2021-07-06
9,2021-07-06
9,2021-07-07
9,2021-07-07
9,2021-07-07
9,2021-07-07
9,2021-07-08
9,2021-07-08
9,2021-07-08
9,2021-07-08
9,2021-09-13
9,2021-09-13
9,2021-09-13
9,2021-09-14
9,2021-09-14
9,2021-09-14
9,2021-09-14
9,2021-09-15
9,2021-09-15
9,2021-09-15
9,2021-09-15
9,2021-09-16
9,2021-09-16
9,2021-09-16
9,2021-09-16
9,2021-10-04
9,2021-10-04
9,2021-10-04
9,2021-10-05
9,2021-10-05
9,2021-10-05
9,2021-10-05
9,2021-10-05
9,2021-10-05
9,2021-10-06
9,2021-10-06
9,2021-10-06
9,2021-10-06
9,2021-10-06
9,2021-10-07
9,2021-10-07
9,2021-10-07
9,2021-10-07
9,2021-10-07
9,2021-10-18
9,2021-10-18
9,2021-10-18
9,2021-10-19
9,2021-10-19
9,2021-10-19
9,2021-10-19
9,2021-10-19
9,2021-10-19
9,2021-10-20
9,2021-10-20
9,2021-10-20
9,2021-10-20
9,2021-10-20
9,2021-10-20
9,2021-10-21
9,2021-10-21
9,2021-10-21
9,2021-10-21
9,2021-10-21
9,2021-10-21
9,2021-11-10
9,2021-11-10
9,2021-11-10
9,2021-11-10
9,2021-11-10
9,2021-11-10
9,2021-11-10
9,2021-11-10
9,2021-11-10
9,2021-11-11
9,2021-11-11
9,2021-11-11
9,2021-11-11
9,2021-11-11
9,2021-11-11
9,2021-11-11
9,2021-11-11
9,2021-11-11
9,2021-11-11
9,2021-11-11
9,2021-11-22
9,2021-11-22
9,2021-11-22
9,2021-11-22
9,2021-11-23
9,2021-11-23
9,2021-11-23
9,2021-11-23
9,2021-11-23
9,2021-11-23
9,2021-11-23
9,2021-11-23
9,2021-11-23
9,2021-11-24
9,2021-11-24
9,2021-11-24
9,2021-11-24
9,2021-11-24
9,2021-11-24
9,2021-11-24
9,2021-11-24
9,2021-11-24
9,2021-11-24
9,2021-11-25
9,2021-11-25
9,2021-11-25
9,2021-11-25
9,2021-12-13
9,2021-12-13
9,2021-12-13
9,2021-12-14
9,2021-12-14
9,2021-12-14
9,2021-12-14
9,2021-12-14
9,2021-12-14
9,2021-12-14
9,2021-12-14
9,2021-12-15
9,2021-12-15
9,2021-12-15
9,2021-12-15
9,2021-12-15
9,2021-12-15
9,2021-12-15
9,2021-12-15
9,2021-12-16
9,2021-12-16
9,2021-12-16
9,2021-12-16
9,2021-12-16
9,2021-12-16
9,2021-12-16
9,2021-12-16
9,2021-12-16
9,2021-12-16
9,2021-12-16
9,2022-01-17
9,2022-01-17
9,2022-01-17
9,2022-01-18
9,2022-01-18
9,2022-01-18
9,2022-01-18
9,2022-01-18
9,2022-01-18
9,2022-01-18
9,2022-01-18
9,2022-01-18
9,2022-01-18
9,2022-01-18
9,2022-01-19
9,2022-01-19
9,2022-01-19
9,2022-01-19
9,2022-01-19
9,2022-01-19
9,2022-01-19
9,2022-01-20
9,2022-01-20
9,2022-01-20
9,2022-01-20
9,2022-01-20
9,2022-01-20
9,2022-01-20
9,2022-01-27
9,2022-01-27
9,2022-01-27
9,2022-02-14
9,2022-02-14
9,2022-02-14
9,2022-02-15
9,2022-02-15
9,2022-02-15
9,2022-02-16
9,2022-02-16
9,2022-02-16
9,2022-02-17
9,2022-02-17
9,2022-02-17
9,2022-02-17
9,2022-03-01
9,2022-03-01
9,2022-03-01
9,2022-03-01
9,2022-03-01
9,2022-03-01
9,2022-03-01
9,2022-03-01
9,2022-03-07
9,2022-03-07
9,2022-03-07
9,2022-03-08
9,2022-03-08
9,2022-03-08
9,2022-03-08
9,2022-03-08
9,2022-03-09
9,2022-03-09
9,2022-03-09
9,2022-03-09
9,2022-03-10
9,2022-03-10
9,2022-03-10
9,2022-03-10
9,2022-03-23
9,2022-03-23
9,2022-03-23
9,2022-03-24
9,2022-03-24
9,2022-03-24
9,2022-04-04
9,2022-04-04
9,2022-04-04
9,2022-04-05
9,2022-04-05
9,2022-04-05
9,2022-04-05
9,2022-04-05
9,2022-04-05
9,2022-04-05
9,2022-04-05
9,2022-04-06
9,2022-04-06
9,2022-04-06
9,2022-04-06
9,2022-04-06
9,2022-04-06
9,2022-04-07
9,2022-04-07
9,2022-04-07
9,2022-04-07
9,2022-05-02
9,2022-05-02
9,2022-05-02
9,2022-05-03
9,2022-05-03
9,2022-05-03
9,2022-05-03
9,2022-05-03
9,2022-05-03
9,2022-05-03
9,2022-05-03
9,2022-05-03
9,2022-05-04
9,2022-05-04
9,2022-05-04
9,2022-05-04
9,2022-05-04
9,2022-05-04
9,2022-05-05
9,2022-05-05
9,2022-05-05
9,2022-05-05
9,2022-05-18
9,2022-05-18
9,2022-05-18
9,2022-05-18
9,2022-05-19
9,2022-05-19
9,2022-05-19
9,2022-06-06
9,2022-06-06
9,2022-06-06
9,2022-06-07
9,2022-06-07
9,2022-06-07
9,2022-06-07
9,2022-06-08
9,2022-06-08
9,2022-06-08
9,2022-06-08
9,2022-06-08
9,2022-06-08
9,2022-06-08
9,2022-06-08
9,2022-06-09
9,2022-06-09
9,2022-06-09
9,2022-06-09
9,2022-06-22
9,2022-06-22
9,2022-06-22
9,2022-06-22
9,2022-06-22
9,2022-06-23
9,2022-06-23
9,2022-06-23
9,2022-06-23
9,2022-07-04
9,2022-07-04
9,2022-07-04
9,2022-07-05
9,2022-07-05
9,2022-07-05
9,2022-07-05
9,2022-07-05
9,2022-07-05
9,2022-07-06
9,2022-07-06
9,2022-07-06
9,2022-07-06
9,2022-07-06
9,2022-07-07
9,2022-07-07
9,2022-07-07
9,2022-07-07
9,2022-09-12
9,2022-09-12
9,2022-09-12
9,2022-09-13
9,2022-09-13
9,2022-09-13
9,2022-09-13
9,2022-09-13
9,2022-09-13
9,2022-09-14
9,2022-09-14
9,2022-09-14
9,2022-09-14
9,2022-09-15
9,2022-09-15
9,2022-09-15
9,2022-09-15
9,2022-10-03
9,2022-10-03
9,2022-10-03
9,2022-10-04
9,2022-10-04
9,2022-10-04
9,2022-10-04
9,2022-10-04
9,2022-10-05
9,2022-10-05
9,2022-10-05
9,2022-10-05
9,2022-10-06
9,2022-10-06
9,2022-10-06
9,2022-10-06
9,2022-10-17
9,2022-10-17
9,2022-10-17
9,2022-10-18
9,2022-10-18
9,2022-10-18
9,2022-10-18
9,2022-10-18
9,2022-10-19
9,2022-10-19
9,2022-10-19
9,2022-10-19
9,2022-10-19
9,2022-10-20
9,2022-10-20
9,2022-10-20
9,2022-10-20
9,2022-11-09
9,2022-11-09
9,2022-11-09
9,2022-11-10
9,2022-11-10
9,2022-11-10
9,2022-11-21
9,2022-11-21
9,2022-11-21
9,2022-11-22
9,2022-11-22
9,2022-11-22
9,2022-11-22
9,2022-11-22
9,2022-11-22
9,2022-11-23
9,2022-11-23
9,2022-11-23
9,2022-11-23
9,2022-11-24
9,2022-11-24
9,2022-11-24
9,2022-11-24
9,2022-12-12
9,2022-12-12
9,2022-12-12
9,2022-12-13
9,2022-12-13
9,2022-12-13
9,2022-12-13
9,2022-12-13
9,2022-12-13
9,2022-12-14
9,2022-12-14
9,2022-12-14
9,2022-12-14
9,2022-12-15
9,2022-12-15
9,2022-12-15
9,2022-12-15
9,2023-01-16
9,2023-01-16
9,2023-01-16
9,2023-01-17
9,2023-01-17
9,2023-01-17
9,2023-01-17
9,2023-01-17
9,2023-01-18
9,2023-01-18
9,2023-01-18
9,2023-01-18
9,2023-01-18
9,2023-01-19
9,2023-01-19
9,2023-01-19
9,2023-01-19
9,2023-01-26
9,2023-01-26
9,2023-01-26
9,2023-02-01
9,2023-02-01
9,2023-02-01
9,2023-02-02
9,2023-02-02
9,2023-02-02
9,2023-02-09
9,2023-02-09
9,2023-02-09
9,2023-02-13
9,2023-02-13
9,2023-02-13
9,2023-02-14
9,2023-02-14
9,2023-02-14
9,2023-02-14
9,2023-02-14
9,2023-02-14
9,2023-02-15
9,2023-02-15
9,2023-02-15
9,2023-02-15
9,2023-02-16
9,2023-02-16
9,2023-02-16
9,2023-02-16
9,2023-03-13
9,2023-03-13
9,2023-03-13
9,2023-03-14
9,2023-03-14
9,2023-03-14
9,2023-03-14
9,2023-03-14
9,2023-03-14
9,2023-03-15
9,2023-03-15
9,2023-03-15
9,2023-03-15
9,2023-03-15
9,2023-03-16
9,2023-03-16
9,2023-03-16
9,2023-03-16
9,2023-03-29
9,2023-03-29
9,2023-03-29
9,2023-03-30
9,2023-03-30
9,2023-03-30
9,2023-04-17
9,2023-04-17
9,2023-04-17
9,2023-04-18
9,2023-04-18
9,2023-04-18
9,2023-04-18
9,2023-04-18
9,2023-04-19
9,2023-04-19
9,2023-04-19
9,2023-04-19
9,2023-04-19
9,2023-04-19
9,2023-04-20
9,2023-04-20
9,2023-04-20
9,2023-04-20
9,2023-05-08
9,2023-05-08
9,2023-05-08
9,2023-05-09
9,2023-05-09
9,2023-05-09
9,2023-05-09
9,2023-05-09
9,2023-05-10
9,2023-05-10
9,2023-05-10
9,2023-05-10
9,2023-05-10
9,2023-05-11
9,2023-05-11
9,2023-05-11
9,2023-05-11
9,2023-05-31
9,2023-05-31
9,2023-05-31
9,2023-06-01
9,2023-06-01
9,2023-06-01
9,2023-06-12
9,2023-06-12
9,2023-06-12
9,2023-06-13
9,2023-06-13
9,2023-06-13
9,2023-06-13
9,2023-06-13
9,2023-06-13
9,2023-06-14
9,2023-06-14
9,2023-06-14
9,2023-06-14
9,2023-06-14
9,2023-06-15
9,2023-06-15
9,2023-06-15
9,2023-06-15
9,2023-07-10
9,2023-07-10
9,2023-07-10
9,2023-07-11
9,2023-07-11
9,2023-07-11
9,2023-07-11
9,2023-07-11
9,2023-07-11
9,2023-07-12
9,2023-07-12
9,2023-07-12
9,2023-07-12
9,2023-07-13
9,2023-07-13
9,2023-07-13
9,2023-07-13
9,2023-09-11
9,2023-09-11
9,2023-09-11
9,2023-09-12
9,2023-09-12
9,2023-09-12
9,2023-09-12
9,2023-09-12
9,2023-09-13
9,2023-09-13
9,2023-09-13
9,2023-09-13
9,2023-09-13
9,2023-09-14
9,2023-09-14
9,2023-09-14
9,2023-09-14
9,2023-10-02
9,2023-10-02
9,2023-10-02
9,2023-10-03
9,2023-10-03
9,2023-10-03
9,2023-10-03
9,2023-10-03
9,2023-10-04
9,2023-10-04
9,2023-10-04
9,2023-10-04
9,2023-10-04
9,2023-10-05
9,2023-10-05
9,2023-10-05
9,2023-10-05
9,2023-10-16
9,2023-10-16
9,2023-10-16
9,2023-10-17
9,2023-10-17
9,2023-10-17
9,2023-10-17
9,2023-10-17
9,2023-10-17
9,2023-10-18
9,2023-10-18
9,2023-10-18
9,2023-10-18
9,2023-10-19
9,2023-10-19
9,2023-10-19
9,2023-10-19
9,2023-11-08
9,2023-11-08
9,2023-11-08
9,2023-11-09
9,2023-11-09
9,2023-11-09
9,2023-11-20
9,2023-11-20
9,2023-11-20
9,2023-11-21
9,2023-11-21
9,2023-11-21
9,2023-11-21
9,2023-11-21
9,2023-11-21
9,2023-11-22
9,2023-11-22
9,2023-11-22
9,2023-11-22
9,2023-11-22
9,2023-11-23
9,2023-11-23
9,2023-11-23
9,2023-11-23
9,2023-12-11
9,2023-12-11
9,2023-12-11
9,2023-12-12
9,2023-12-12
9,2023-12-12
9,2023-12-12
9,2023-12-12
9,2023-12-12
9,2023-12-13
9,2023-12-13
9,2023-12-13
9,2023-12-13
9,2023-12-13
9,2023-12-14
9,2023-12-14
9,2023-12-14
9,2023-12-14
9,2024-01-15
9,2024-01-15
9,2024-01-15
9,2024-01-16
9,2024-01-16
9,2024-01-16
9,2024-01-16
9,2024-01-16
9,2024-01-16
9,2024-01-17
9,2024-01-17
9,2024-01-17
9,2024-01-17
9,2024-01-17
9,2024-01-18
9,2024-01-18
9,2024-01-18
9,2024-01-18
9,2024-01-25
9,2024-01-25
9,2024-01-25
9,2024-02-05
9,2024-02-05
9,2024-02-05
9,2024-02-06
9,2024-02-06
9,2024-02-06
9,2024-02-06
9,2024-02-06
9,2024-02-07
9,2024-02-07
9,2024-02-07
9,2024-02-07
9,2024-02-07
9,2024-02-08
9,2024-02-08
9,2024-02-08
9,2024-02-08
9,2024-02-26
9,2024-02-26
9,2024-02-26
9,2024-02-27
9,2024-02-27
9,2024-02-27
9,2024-02-27
9,2024-02-27
9,2024-02-28
9,2024-02-28
9,2024-02-28
9,2024-02-28
9,2024-02-28
9,2024-02-28
9,2024-02-29
9,2024-02-29
9,2024-02-29
9,2024-02-29
9,2024-03-11
9,2024-03-11
9,2024-03-11
9,2024-03-12
9,2024-03-12
9,2024-03-12
9,2024-03-12
9,2024-03-12
9,2024-03-12
9,2024-03-13
9,2024-03-13
9,2024-03-13
9,2024-03-13
9,2024-03-13
9,2024-03-13
9,2024-03-13
9,2024-03-14
9,2024-03-14
9,2024-03-14
9,2024-03-14
9,2024-04-10
9,2024-04-10
9,2024-04-10
9,2024-04-10
9,2024-04-10
9,2024-04-11
9,2024-04-11
9,2024-04-11
9,2024-04-22
9,2024-04-22
9,2024-04-22
9,2024-04-23
9,2024-04-23
9,2024-04-23
9,2024-04-23
9,2024-04-23
9,2024-04-24
9,2024-04-24
9,2024-04-24
9,2024-04-24
9,2024-04-24
9,2024-04-24
9,2024-04-24
9,2024-04-25
9,2024-04-25
9,2024-04-25
10,2024-07-16
10,2024-07-16
10,2024-07-16
10,2024-07-16
10,2024-07-16
10,2024-07-17
10,2024-07-17
10,2024-07-17
10,2024-07-17
10,2024-07-17
10,2024-07-18
10,2024-07-18
10,2024-07-18
10,2024-07-18
10,2024-07-19
10,2024-07-19
